videoId,trackKey,trackId,pedestrianId,firstOffsetSeconds,lastOffsetSeconds,bestOffsetSeconds,firstObservedAt,lastObservedAt,firstTimestamp,lastTimestamp,bestTimestamp,sampleCount,roiQualifiedSampleCount,maxOcclusionClass,thumbnailPath,previewPath,appearanceSummary
2444a2e4,2444a2e4:1,985cf7ae,1,0.0,3.93,0.0,2025-01-23T11:23:02,2025-01-23T11:23:05,11:23:02 AM,11:23:05 AM,11:23:02 AM,4,4,0,storage/videos/processed/2444a2e4/tracks/track-1.jpg,,"Representative crop suggests head region appears gray, upper clothing appears gray, lower clothing appears gray. Visibility shows light occlusion."
2444a2e4,2444a2e4:2,f8fbdb83,2,0.0,6.6,1.0,2025-01-23T11:23:02,2025-01-23T11:23:08,11:23:02 AM,11:23:08 AM,11:23:03 AM,7,7,0,storage/videos/processed/2444a2e4/tracks/track-2.jpg,,"Representative crop suggests head region appears gray, upper clothing appears blue, lower clothing appears gray. Visibility shows light occlusion."
2444a2e4,2444a2e4:3,830c89ba,3,0.0,1.4,1.0,2025-01-23T11:23:02,2025-01-23T11:23:03,11:23:02 AM,11:23:03 AM,11:23:03 AM,2,2,0,storage/videos/processed/2444a2e4/tracks/track-3.jpg,,"Representative crop suggests head region appears gray, upper clothing appears blue, lower clothing appears gray. Visibility shows light occlusion."
2444a2e4,2444a2e4:4,a435b2f2,4,0.6,1.6,1.53,2025-01-23T11:23:02,2025-01-23T11:23:03,11:23:02 AM,11:23:03 AM,11:23:03 AM,2,2,0,storage/videos/processed/2444a2e4/tracks/track-4.jpg,,"Representative crop suggests head region appears gray, upper clothing appears gray, lower clothing appears gray. Visibility shows light occlusion."
2444a2e4,2444a2e4:16,1a5e049b,16,4.8,15.8,4.8,2025-01-23T11:23:06,2025-01-23T11:23:17,11:23:06 AM,11:23:17 AM,11:23:06 AM,12,12,0,storage/videos/processed/2444a2e4/tracks/track-16.jpg,,"Representative crop suggests head region appears gray, upper clothing appears gray, lower clothing appears gray. Visibility shows light occlusion."
2444a2e4,2444a2e4:25,dedfddbc,25,5.4,9.93,5.4,2025-01-23T11:23:07,2025-01-23T11:23:11,11:23:07 AM,11:23:11 AM,11:23:07 AM,5,5,0,storage/videos/processed/2444a2e4/tracks/track-25.jpg,,"Representative crop suggests head region appears gray, upper clothing appears gray, lower clothing appears gray. Visibility shows light occlusion."
2444a2e4,2444a2e4:29,8cc1f76a,29,5.6,9.87,7.8,2025-01-23T11:23:07,2025-01-23T11:23:11,11:23:07 AM,11:23:11 AM,11:23:09 AM,5,5,0,storage/videos/processed/2444a2e4/tracks/track-29.jpg,,"Representative crop suggests head region appears gray, upper clothing appears gray, lower clothing appears gray. Visibility shows light occlusion."
2444a2e4,2444a2e4:35,8ab0625c,35,5.73,10.93,7.8,2025-01-23T11:23:07,2025-01-23T11:23:12,11:23:07 AM,11:23:12 AM,11:23:09 AM,6,6,0,storage/videos/processed/2444a2e4/tracks/track-35.jpg,,"Representative crop suggests head region appears purple, upper clothing appears purple, lower clothing appears gray. Visibility shows light occlusion."
2444a2e4,2444a2e4:42,94c6191b,42,7.73,8.4,8.2,2025-01-23T11:23:09,2025-01-23T11:23:10,11:23:09 AM,11:23:10 AM,11:23:10 AM,2,0,1,storage/videos/processed/2444a2e4/tracks/track-42.jpg,,"Representative crop suggests head region appears gray, upper clothing appears gray, lower clothing appears gray. Visibility shows moderate occlusion."
2444a2e4,2444a2e4:48,df79b971,48,8.4,13.0,8.8,2025-01-23T11:23:10,2025-01-23T11:23:15,11:23:10 AM,11:23:15 AM,11:23:10 AM,5,5,2,storage/videos/processed/2444a2e4/tracks/track-48.jpg,,"Representative crop suggests head region appears gray, upper clothing appears gray, lower clothing appears gray. Visibility shows light occlusion."
2444a2e4,2444a2e4:73,d21fcd69,73,12.6,15.8,12.6,2025-01-23T11:23:14,2025-01-23T11:23:17,11:23:14 AM,11:23:17 AM,11:23:14 AM,4,4,0,storage/videos/processed/2444a2e4/tracks/track-73.jpg,,"Representative crop suggests head region appears gray, upper clothing appears blue, lower clothing appears gray. Visibility shows light occlusion."
2444a2e4,2444a2e4:74,85ba70db,74,12.8,13.33,13.33,2025-01-23T11:23:14,2025-01-23T11:23:15,11:23:14 AM,11:23:15 AM,11:23:15 AM,2,0,2,storage/videos/processed/2444a2e4/tracks/track-74.jpg,,"Representative crop suggests head region appears gray, upper clothing appears gray, lower clothing appears blue. Visibility shows heavy occlusion."
2444a2e4,2444a2e4:75,8794eacd,75,12.87,28.67,14.13,2025-01-23T11:23:14,2025-01-23T11:23:30,11:23:14 AM,11:23:30 AM,11:23:16 AM,17,16,2,storage/videos/processed/2444a2e4/tracks/track-75.jpg,,"Representative crop suggests head region appears gray, upper clothing appears blue, lower clothing appears gray. Visibility shows heavy occlusion."
2444a2e4,2444a2e4:76,8975acc6,76,12.87,12.93,12.93,2025-01-23T11:23:14,2025-01-23T11:23:14,11:23:14 AM,11:23:14 AM,11:23:14 AM,1,0,2,storage/videos/processed/2444a2e4/tracks/track-76.jpg,,"Representative crop suggests head region appears gray, upper clothing appears gray, lower clothing appears gray. Visibility shows heavy occlusion."
2444a2e4,2444a2e4:84,3a9b7c32,84,14.6,17.93,14.8,2025-01-23T11:23:16,2025-01-23T11:23:19,11:23:16 AM,11:23:19 AM,11:23:16 AM,4,4,0,storage/videos/processed/2444a2e4/tracks/track-84.jpg,,"Representative crop suggests head region appears gray, upper clothing appears gray, lower clothing appears gray. Visibility shows light occlusion."
2444a2e4,2444a2e4:89,239b4164,89,15.13,15.93,15.93,2025-01-23T11:23:17,2025-01-23T11:23:17,11:23:17 AM,11:23:17 AM,11:23:17 AM,1,0,1,storage/videos/processed/2444a2e4/tracks/track-89.jpg,,"Representative crop suggests head region appears gray, upper clothing appears gray, lower clothing appears gray. Visibility shows moderate occlusion."
2444a2e4,2444a2e4:100,8c146c00,100,15.73,21.07,16.2,2025-01-23T11:23:17,2025-01-23T11:23:23,11:23:17 AM,11:23:23 AM,11:23:18 AM,7,4,2,storage/videos/processed/2444a2e4/tracks/track-100.jpg,,"Representative crop suggests head region appears gray, upper clothing appears gray, lower clothing appears gray. Visibility shows moderate occlusion."
2444a2e4,2444a2e4:104,6b2e4d30,104,16.07,22.67,17.33,2025-01-23T11:23:18,2025-01-23T11:23:24,11:23:18 AM,11:23:24 AM,11:23:19 AM,7,6,2,storage/videos/processed/2444a2e4/tracks/track-104.jpg,,"Representative crop suggests head region appears gray, upper clothing appears blue, lower clothing appears blue. Visibility shows heavy occlusion."
2444a2e4,2444a2e4:107,400819dc,107,16.53,16.6,16.6,2025-01-23T11:23:18,2025-01-23T11:23:18,11:23:18 AM,11:23:18 AM,11:23:18 AM,1,0,2,storage/videos/processed/2444a2e4/tracks/track-107.jpg,,"Representative crop suggests head region appears gray, upper clothing appears blue, lower clothing appears blue. Visibility shows heavy occlusion."
2444a2e4,2444a2e4:112,eb58e09f,112,21.07,21.2,21.2,2025-01-23T11:23:23,2025-01-23T11:23:23,11:23:23 AM,11:23:23 AM,11:23:23 AM,1,0,2,storage/videos/processed/2444a2e4/tracks/track-112.jpg,,"Representative crop suggests head region appears gray, upper clothing appears gray, lower clothing appears gray. Visibility shows heavy occlusion."
2444a2e4,2444a2e4:114,3ac56bdc,114,22.4,22.67,22.4,2025-01-23T11:23:24,2025-01-23T11:23:24,11:23:24 AM,11:23:24 AM,11:23:24 AM,1,1,1,storage/videos/processed/2444a2e4/tracks/track-114.jpg,,"Representative crop suggests head region appears gray, upper clothing appears blue, lower clothing appears blue. Visibility shows moderate occlusion."
2444a2e4,2444a2e4:119,c483d860,119,23.33,28.93,23.33,2025-01-23T11:23:25,2025-01-23T11:23:30,11:23:25 AM,11:23:30 AM,11:23:25 AM,6,5,0,storage/videos/processed/2444a2e4/tracks/track-119.jpg,,"Representative crop suggests head region appears gray, upper clothing appears gray, lower clothing appears gray. Visibility shows light occlusion."
2444a2e4,2444a2e4:120,f0680f5f,120,28.93,29.47,29.33,2025-01-23T11:23:30,2025-01-23T11:23:31,11:23:30 AM,11:23:31 AM,11:23:31 AM,2,2,0,storage/videos/processed/2444a2e4/tracks/track-120.jpg,,"Representative crop suggests head region appears gray, upper clothing appears gray, lower clothing appears gray. Visibility shows light occlusion."
2444a2e4,2444a2e4:121,8a68cc7f,121,30.2,33.47,30.33,2025-01-23T11:23:32,2025-01-23T11:23:35,11:23:32 AM,11:23:35 AM,11:23:32 AM,4,4,0,storage/videos/processed/2444a2e4/tracks/track-121.jpg,,"Representative crop suggests head region appears gray, upper clothing appears gray, lower clothing appears gray. Visibility shows light occlusion."
2444a2e4,2444a2e4:140,446c17d5,140,33.07,45.8,45.33,2025-01-23T11:23:35,2025-01-23T11:23:47,11:23:35 AM,11:23:47 AM,11:23:47 AM,13,13,0,storage/videos/processed/2444a2e4/tracks/track-140.jpg,,"Representative crop suggests head region appears gray, upper clothing appears gray, lower clothing appears gray. Visibility shows light occlusion."
2444a2e4,2444a2e4:169,8f6ace3c,169,38.6,39.67,38.6,2025-01-23T11:23:40,2025-01-23T11:23:41,11:23:40 AM,11:23:41 AM,11:23:40 AM,2,2,0,storage/videos/processed/2444a2e4/tracks/track-169.jpg,,"Representative crop suggests head region appears gray, upper clothing appears gray, lower clothing appears gray. Visibility shows light occlusion."
2444a2e4,2444a2e4:170,a36f0cd0,170,41.13,72.13,70.73,2025-01-23T11:23:43,2025-01-23T11:24:14,11:23:43 AM,11:24:14 AM,11:24:12 AM,32,29,2,storage/videos/processed/2444a2e4/tracks/track-170.jpg,,"Representative crop suggests head region appears gray, upper clothing appears purple, lower clothing appears gray. Visibility shows light occlusion."
2444a2e4,2444a2e4:175,2e1426f6,175,51.8,59.07,57.6,2025-01-23T11:23:53,2025-01-23T11:24:01,11:23:53 AM,11:24:01 AM,11:23:59 AM,9,6,2,storage/videos/processed/2444a2e4/tracks/track-175.jpg,,"Representative crop suggests head region appears gray, upper clothing appears blue, lower clothing appears gray. Visibility shows light occlusion."
2444a2e4,2444a2e4:180,ca3aa2f1,180,59.07,59.27,59.07,2025-01-23T11:24:01,2025-01-23T11:24:01,11:24:01 AM,11:24:01 AM,11:24:01 AM,1,0,2,storage/videos/processed/2444a2e4/tracks/track-180.jpg,,"Representative crop suggests head region appears gray, upper clothing appears black, lower clothing appears gray. Visibility shows moderate occlusion."
2444a2e4,2444a2e4:183,2c04b860,183,59.87,91.46,60.8,2025-01-23T11:24:01,2025-01-23T11:24:33,11:24:01 AM,11:24:33 AM,11:24:02 AM,33,32,1,storage/videos/processed/2444a2e4/tracks/track-183.jpg,,"Representative crop suggests head region appears gray, upper clothing appears gray, lower clothing appears blue. Visibility shows moderate occlusion."
2444a2e4,2444a2e4:185,2992c310,185,60.6,64.0,63.93,2025-01-23T11:24:02,2025-01-23T11:24:06,11:24:02 AM,11:24:06 AM,11:24:05 AM,4,0,2,storage/videos/processed/2444a2e4/tracks/track-185.jpg,,"Representative crop suggests head region appears gray, upper clothing appears gray, lower clothing appears gray. Visibility shows heavy occlusion."
2444a2e4,2444a2e4:188,f40d848c,188,63.53,63.8,63.8,2025-01-23T11:24:05,2025-01-23T11:24:05,11:24:05 AM,11:24:05 AM,11:24:05 AM,1,0,2,storage/videos/processed/2444a2e4/tracks/track-188.jpg,,"Representative crop suggests head region appears gray, upper clothing appears gray, lower clothing appears gray. Visibility shows heavy occlusion."
2444a2e4,2444a2e4:189,b31dcab6,189,66.6,69.93,69.93,2025-01-23T11:24:08,2025-01-23T11:24:11,11:24:08 AM,11:24:11 AM,11:24:11 AM,4,3,0,storage/videos/processed/2444a2e4/tracks/track-189.jpg,,"Representative crop suggests head region appears gray, upper clothing appears gray, lower clothing appears gray. Visibility shows light occlusion."
2444a2e4,2444a2e4:190,47b732f7,190,66.6,66.6,66.6,2025-01-23T11:24:08,2025-01-23T11:24:08,11:24:08 AM,11:24:08 AM,11:24:08 AM,1,0,0,storage/videos/processed/2444a2e4/tracks/track-190.jpg,,"Representative crop suggests head region appears gray, upper clothing appears gray, lower clothing appears gray. Visibility shows light occlusion."
2444a2e4,2444a2e4:202,8bf61ecd,202,71.67,71.67,71.67,2025-01-23T11:24:13,2025-01-23T11:24:13,11:24:13 AM,11:24:13 AM,11:24:13 AM,1,0,1,storage/videos/processed/2444a2e4/tracks/track-202.jpg,,"Representative crop suggests head region appears gray, upper clothing appears gray, lower clothing appears purple. Visibility shows moderate occlusion."
2444a2e4,2444a2e4:205,393c0b60,205,82.6,128.6,84.0,2025-01-23T11:24:24,2025-01-23T11:25:10,11:24:24 AM,11:25:10 AM,11:24:26 AM,46,45,2,storage/videos/processed/2444a2e4/tracks/track-205.jpg,,"Representative crop suggests head region appears gray, upper clothing appears yellow, lower clothing appears brown. Visibility shows heavy occlusion."
2444a2e4,2444a2e4:207,bcd14e76,207,83.06,112.86,83.86,2025-01-23T11:24:25,2025-01-23T11:24:54,11:24:25 AM,11:24:54 AM,11:24:25 AM,29,28,0,storage/videos/processed/2444a2e4/tracks/track-207.jpg,,"Representative crop suggests head region appears gray, upper clothing appears gray, lower clothing appears blue. Visibility shows light occlusion."
2444a2e4,2444a2e4:211,c649360b,211,83.86,83.86,83.86,2025-01-23T11:24:25,2025-01-23T11:24:25,11:24:25 AM,11:24:25 AM,11:24:25 AM,1,0,0,storage/videos/processed/2444a2e4/tracks/track-211.jpg,,"Representative crop suggests head region appears gray, upper clothing appears yellow, lower clothing appears brown. Visibility shows light occlusion."
2444a2e4,2444a2e4:218,851c7b2e,218,90.73,95.66,91.06,2025-01-23T11:24:32,2025-01-23T11:24:37,11:24:32 AM,11:24:37 AM,11:24:33 AM,6,6,0,storage/videos/processed/2444a2e4/tracks/track-218.jpg,,"Representative crop suggests head region appears gray, upper clothing appears gray, lower clothing appears gray. Visibility shows light occlusion."
2444a2e4,2444a2e4:219,fe2e0443,219,93.06,95.66,93.06,2025-01-23T11:24:35,2025-01-23T11:24:37,11:24:35 AM,11:24:37 AM,11:24:35 AM,3,3,0,storage/videos/processed/2444a2e4/tracks/track-219.jpg,,"Representative crop suggests head region appears gray, upper clothing appears blue, lower clothing appears gray. Visibility shows light occlusion."
2444a2e4,2444a2e4:222,446eb79f,222,97.26,104.26,102.33,2025-01-23T11:24:39,2025-01-23T11:24:46,11:24:39 AM,11:24:46 AM,11:24:44 AM,8,5,2,storage/videos/processed/2444a2e4/tracks/track-222.jpg,,"Representative crop suggests head region appears gray, upper clothing appears gray, lower clothing appears gray. Visibility shows heavy occlusion."
2444a2e4,2444a2e4:223,56d3eaf5,223,97.53,97.66,97.66,2025-01-23T11:24:39,2025-01-23T11:24:39,11:24:39 AM,11:24:39 AM,11:24:39 AM,1,1,0,storage/videos/processed/2444a2e4/tracks/track-223.jpg,,"Representative crop suggests head region appears gray, upper clothing appears gray, lower clothing appears gray. Visibility shows light occlusion."
2444a2e4,2444a2e4:237,ea67448d,237,100.0,101.13,100.46,2025-01-23T11:24:42,2025-01-23T11:24:43,11:24:42 AM,11:24:43 AM,11:24:42 AM,3,3,0,storage/videos/processed/2444a2e4/tracks/track-237.jpg,,"Representative crop suggests head region appears gray, upper clothing appears gray, lower clothing appears gray. Visibility shows light occlusion."
2444a2e4,2444a2e4:242,a3a9de48,242,100.6,101.26,101.26,2025-01-23T11:24:42,2025-01-23T11:24:43,11:24:42 AM,11:24:43 AM,11:24:43 AM,2,1,2,storage/videos/processed/2444a2e4/tracks/track-242.jpg,,"Representative crop suggests head region appears gray, upper clothing appears gray, lower clothing appears gray. Visibility shows heavy occlusion."
2444a2e4,2444a2e4:249,621b5957,249,101.26,119.6,101.73,2025-01-23T11:24:43,2025-01-23T11:25:01,11:24:43 AM,11:25:01 AM,11:24:43 AM,19,19,1,storage/videos/processed/2444a2e4/tracks/track-249.jpg,,"Representative crop suggests head region appears gray, upper clothing appears gray, lower clothing appears blue. Visibility shows moderate occlusion."
2444a2e4,2444a2e4:255,6731a862,255,111.93,123.0,112.8,2025-01-23T11:24:53,2025-01-23T11:25:05,11:24:53 AM,11:25:05 AM,11:24:54 AM,12,12,0,storage/videos/processed/2444a2e4/tracks/track-255.jpg,,"Representative crop suggests head region appears gray, upper clothing appears gray, lower clothing appears gray. Visibility shows light occlusion."
2444a2e4,2444a2e4:256,70faac0b,256,114.6,114.6,114.6,2025-01-23T11:24:56,2025-01-23T11:24:56,11:24:56 AM,11:24:56 AM,11:24:56 AM,1,1,0,storage/videos/processed/2444a2e4/tracks/track-256.jpg,,"Representative crop suggests head region appears gray, upper clothing appears brown, lower clothing appears gray. Visibility shows light occlusion."
2444a2e4,2444a2e4:258,c071e0f7,258,119.33,120.26,119.66,2025-01-23T11:25:01,2025-01-23T11:25:02,11:25:01 AM,11:25:02 AM,11:25:01 AM,2,2,0,storage/videos/processed/2444a2e4/tracks/track-258.jpg,,"Representative crop suggests head region appears gray, upper clothing appears gray, lower clothing appears gray. Visibility shows light occlusion."
2444a2e4,2444a2e4:268,519c649c,268,121.73,142.73,140.8,2025-01-23T11:25:03,2025-01-23T11:25:24,11:25:03 AM,11:25:24 AM,11:25:22 AM,22,22,1,storage/videos/processed/2444a2e4/tracks/track-268.jpg,,"Representative crop suggests head region appears gray, upper clothing appears gray, lower clothing appears gray. Visibility shows light occlusion."
2444a2e4,2444a2e4:274,22bd185c,274,122.2,131.4,122.2,2025-01-23T11:25:04,2025-01-23T11:25:13,11:25:04 AM,11:25:13 AM,11:25:04 AM,10,10,0,storage/videos/processed/2444a2e4/tracks/track-274.jpg,,"Representative crop suggests head region appears gray, upper clothing appears brown, lower clothing appears gray. Visibility shows light occlusion."
2444a2e4,2444a2e4:277,69cf9b0e,277,122.4,125.93,122.4,2025-01-23T11:25:04,2025-01-23T11:25:07,11:25:04 AM,11:25:07 AM,11:25:04 AM,4,4,0,storage/videos/processed/2444a2e4/tracks/track-277.jpg,,"Representative crop suggests head region appears gray, upper clothing appears gray, lower clothing appears gray. Visibility shows light occlusion."
2444a2e4,2444a2e4:278,d8caef87,278,122.46,126.0,124.66,2025-01-23T11:25:04,2025-01-23T11:25:08,11:25:04 AM,11:25:08 AM,11:25:06 AM,4,4,0,storage/videos/processed/2444a2e4/tracks/track-278.jpg,,"Representative crop suggests head region appears gray, upper clothing appears gray, lower clothing appears gray. Visibility shows light occlusion."
2444a2e4,2444a2e4:279,3761d6e5,279,125.06,137.06,136.26,2025-01-23T11:25:07,2025-01-23T11:25:19,11:25:07 AM,11:25:19 AM,11:25:18 AM,13,13,0,storage/videos/processed/2444a2e4/tracks/track-279.jpg,,"Representative crop suggests head region appears gray, upper clothing appears purple, lower clothing appears gray. Visibility shows light occlusion."
2444a2e4,2444a2e4:281,3c19d917,281,125.46,129.2,128.8,2025-01-23T11:25:07,2025-01-23T11:25:11,11:25:07 AM,11:25:11 AM,11:25:10 AM,5,5,0,storage/videos/processed/2444a2e4/tracks/track-281.jpg,,"Representative crop suggests head region appears gray, upper clothing appears gray, lower clothing appears gray. Visibility shows light occlusion."
2444a2e4,2444a2e4:286,728b12c6,286,126.2,126.2,126.2,2025-01-23T11:25:08,2025-01-23T11:25:08,11:25:08 AM,11:25:08 AM,11:25:08 AM,1,1,1,storage/videos/processed/2444a2e4/tracks/track-286.jpg,,"Representative crop suggests head region appears gray, upper clothing appears cyan, lower clothing appears cyan. Visibility shows moderate occlusion."
2444a2e4,2444a2e4:287,f69a47ad,287,126.2,167.73,127.13,2025-01-23T11:25:08,2025-01-23T11:25:49,11:25:08 AM,11:25:49 AM,11:25:09 AM,42,41,2,storage/videos/processed/2444a2e4/tracks/track-287.jpg,,"Representative crop suggests head region appears gray, upper clothing appears cyan, lower clothing appears blue. Visibility shows heavy occlusion."
2444a2e4,2444a2e4:301,adef5213,301,132.4,133.33,133.33,2025-01-23T11:25:14,2025-01-23T11:25:15,11:25:14 AM,11:25:15 AM,11:25:15 AM,2,2,0,storage/videos/processed/2444a2e4/tracks/track-301.jpg,,"Representative crop suggests head region appears gray, upper clothing appears gray, lower clothing appears gray. Visibility shows light occlusion."
2444a2e4,2444a2e4:311,cc0269ea,311,134.4,135.06,134.46,2025-01-23T11:25:16,2025-01-23T11:25:17,11:25:16 AM,11:25:17 AM,11:25:16 AM,2,2,0,storage/videos/processed/2444a2e4/tracks/track-311.jpg,,"Representative crop suggests head region appears gray, upper clothing appears blue, lower clothing appears gray. Visibility shows light occlusion."
2444a2e4,2444a2e4:312,d617822c,312,134.4,134.66,134.46,2025-01-23T11:25:16,2025-01-23T11:25:16,11:25:16 AM,11:25:16 AM,11:25:16 AM,1,1,0,storage/videos/processed/2444a2e4/tracks/track-312.jpg,,"Representative crop suggests head region appears gray, upper clothing appears gray, lower clothing appears gray. Visibility shows light occlusion."
2444a2e4,2444a2e4:319,9575db32,319,135.06,135.26,135.2,2025-01-23T11:25:17,2025-01-23T11:25:17,11:25:17 AM,11:25:17 AM,11:25:17 AM,1,1,0,storage/videos/processed/2444a2e4/tracks/track-319.jpg,,"Representative crop suggests head region appears purple, upper clothing appears purple, lower clothing appears gray. Visibility shows light occlusion."
2444a2e4,2444a2e4:324,10519761,324,137.06,137.66,137.06,2025-01-23T11:25:19,2025-01-23T11:25:19,11:25:19 AM,11:25:19 AM,11:25:19 AM,1,1,0,storage/videos/processed/2444a2e4/tracks/track-324.jpg,,"Representative crop suggests head region appears gray, upper clothing appears gray, lower clothing appears gray. Visibility shows light occlusion."
2444a2e4,2444a2e4:333,e8c50052,333,140.4,142.0,141.93,2025-01-23T11:25:22,2025-01-23T11:25:24,11:25:22 AM,11:25:24 AM,11:25:23 AM,2,1,0,storage/videos/processed/2444a2e4/tracks/track-333.jpg,,"Representative crop suggests head region appears gray, upper clothing appears gray, lower clothing appears gray. Visibility shows light occlusion."
2444a2e4,2444a2e4:335,bab8ca59,335,140.4,140.53,140.46,2025-01-23T11:25:22,2025-01-23T11:25:22,11:25:22 AM,11:25:22 AM,11:25:22 AM,1,1,0,storage/videos/processed/2444a2e4/tracks/track-335.jpg,,"Representative crop suggests head region appears gray, upper clothing appears blue, lower clothing appears gray. Visibility shows light occlusion."
2444a2e4,2444a2e4:342,a0c7d9e0,342,143.6,143.8,143.6,2025-01-23T11:25:25,2025-01-23T11:25:25,11:25:25 AM,11:25:25 AM,11:25:25 AM,1,1,0,storage/videos/processed/2444a2e4/tracks/track-342.jpg,,"Representative crop suggests head region appears gray, upper clothing appears cyan, lower clothing appears gray. Visibility shows light occlusion."
2444a2e4,2444a2e4:349,db757518,349,150.2,150.46,150.2,2025-01-23T11:25:32,2025-01-23T11:25:32,11:25:32 AM,11:25:32 AM,11:25:32 AM,1,1,2,storage/videos/processed/2444a2e4/tracks/track-349.jpg,,"Representative crop suggests head region appears gray, upper clothing appears gray, lower clothing appears gray. Visibility shows moderate occlusion."
2444a2e4,2444a2e4:350,13f0bb7e,350,150.73,153.4,150.93,2025-01-23T11:25:32,2025-01-23T11:25:35,11:25:32 AM,11:25:35 AM,11:25:32 AM,4,0,0,storage/videos/processed/2444a2e4/tracks/track-350.jpg,,"Representative crop suggests head region appears gray, upper clothing appears gray, lower clothing appears blue. Visibility shows light occlusion."
2444a2e4,2444a2e4:352,6fdaefcc,352,151.6,151.66,151.66,2025-01-23T11:25:33,2025-01-23T11:25:33,11:25:33 AM,11:25:33 AM,11:25:33 AM,1,0,0,storage/videos/processed/2444a2e4/tracks/track-352.jpg,,"Representative crop suggests head region appears gray, upper clothing appears gray, lower clothing appears blue. Visibility shows light occlusion."
2444a2e4,2444a2e4:353,a16c5126,353,152.73,165.46,154.2,2025-01-23T11:25:34,2025-01-23T11:25:47,11:25:34 AM,11:25:47 AM,11:25:36 AM,14,8,1,storage/videos/processed/2444a2e4/tracks/track-353.jpg,,"Representative crop suggests head region appears gray, upper clothing appears black, lower clothing appears blue. Visibility shows moderate occlusion."
2444a2e4,2444a2e4:358,c72e863e,358,153.26,153.4,153.4,2025-01-23T11:25:35,2025-01-23T11:25:35,11:25:35 AM,11:25:35 AM,11:25:35 AM,1,0,1,storage/videos/processed/2444a2e4/tracks/track-358.jpg,,"Representative crop suggests head region appears gray, upper clothing appears black, lower clothing appears blue. Visibility shows moderate occlusion."
2444a2e4,2444a2e4:379,9b285bed,379,157.93,161.93,161.86,2025-01-23T11:25:39,2025-01-23T11:25:43,11:25:39 AM,11:25:43 AM,11:25:43 AM,5,5,0,storage/videos/processed/2444a2e4/tracks/track-379.jpg,,"Representative crop suggests head region appears gray, upper clothing appears blue, lower clothing appears gray. Visibility shows light occlusion."
2444a2e4,2444a2e4:398,6f62f5cd,398,159.6,159.86,159.6,2025-01-23T11:25:41,2025-01-23T11:25:41,11:25:41 AM,11:25:41 AM,11:25:41 AM,1,1,0,storage/videos/processed/2444a2e4/tracks/track-398.jpg,,"Representative crop suggests head region appears gray, upper clothing appears blue, lower clothing appears blue. Visibility shows light occlusion."
2444a2e4,2444a2e4:408,3fbe9dfc,408,162.66,163.73,163.73,2025-01-23T11:25:44,2025-01-23T11:25:45,11:25:44 AM,11:25:45 AM,11:25:45 AM,2,0,2,storage/videos/processed/2444a2e4/tracks/track-408.jpg,,"Representative crop suggests head region appears gray, upper clothing appears gray, lower clothing appears blue. Visibility shows heavy occlusion."
2444a2e4,2444a2e4:411,7a902db6,411,163.4,179.8,164.26,2025-01-23T11:25:45,2025-01-23T11:26:01,11:25:45 AM,11:26:01 AM,11:25:46 AM,17,16,1,storage/videos/processed/2444a2e4/tracks/track-411.jpg,,"Representative crop suggests head region appears gray, upper clothing appears gray, lower clothing appears blue. Visibility shows moderate occlusion."
2444a2e4,2444a2e4:417,a4ae5b3b,417,166.46,167.53,166.8,2025-01-23T11:25:48,2025-01-23T11:25:49,11:25:48 AM,11:25:49 AM,11:25:48 AM,2,2,0,storage/videos/processed/2444a2e4/tracks/track-417.jpg,,"Representative crop suggests head region appears blue, upper clothing appears gray, lower clothing appears gray. Visibility shows light occlusion."
2444a2e4,2444a2e4:423,0c8d2516,423,167.73,167.86,167.73,2025-01-23T11:25:49,2025-01-23T11:25:49,11:25:49 AM,11:25:49 AM,11:25:49 AM,1,1,0,storage/videos/processed/2444a2e4/tracks/track-423.jpg,,"Representative crop suggests head region appears gray, upper clothing appears blue, lower clothing appears gray. Visibility shows light occlusion."
2444a2e4,2444a2e4:428,f38ddf67,428,167.86,168.06,167.86,2025-01-23T11:25:49,2025-01-23T11:25:50,11:25:49 AM,11:25:50 AM,11:25:49 AM,2,2,0,storage/videos/processed/2444a2e4/tracks/track-428.jpg,,"Representative crop suggests head region appears gray, upper clothing appears blue, lower clothing appears blue. Visibility shows light occlusion."
2444a2e4,2444a2e4:442,1e5343cd,442,170.33,170.93,170.86,2025-01-23T11:25:52,2025-01-23T11:25:52,11:25:52 AM,11:25:52 AM,11:25:52 AM,1,0,0,storage/videos/processed/2444a2e4/tracks/track-442.jpg,,"Representative crop suggests head region appears gray, upper clothing appears gray, lower clothing appears blue. Visibility shows light occlusion."
2444a2e4,2444a2e4:467,8cc432a1,467,178.13,179.93,178.2,2025-01-23T11:26:00,2025-01-23T11:26:01,11:26:00 AM,11:26:01 AM,11:26:00 AM,2,2,0,storage/videos/processed/2444a2e4/tracks/track-467.jpg,,"Representative crop suggests head region appears blue, upper clothing appears blue, lower clothing appears gray. Visibility shows light occlusion."
2444a2e4,2444a2e4:475,a3aabf32,475,178.66,179.93,179.33,2025-01-23T11:26:00,2025-01-23T11:26:01,11:26:00 AM,11:26:01 AM,11:26:01 AM,2,2,0,storage/videos/processed/2444a2e4/tracks/track-475.jpg,,"Representative crop suggests head region appears gray, upper clothing appears blue, lower clothing appears gray. Visibility shows light occlusion."
2444a2e4,2444a2e4:479,e8f96341,479,179.2,181.26,180.8,2025-01-23T11:26:01,2025-01-23T11:26:03,11:26:01 AM,11:26:03 AM,11:26:02 AM,3,3,0,storage/videos/processed/2444a2e4/tracks/track-479.jpg,,"Representative crop suggests head region appears purple, upper clothing appears gray, lower clothing appears gray. Visibility shows light occlusion."
2444a2e4,2444a2e4:480,8df8a5c5,480,180.0,182.8,180.0,2025-01-23T11:26:02,2025-01-23T11:26:04,11:26:02 AM,11:26:04 AM,11:26:02 AM,4,4,0,storage/videos/processed/2444a2e4/tracks/track-480.jpg,,"Representative crop suggests head region appears gray, upper clothing appears blue, lower clothing appears blue. Visibility shows light occlusion."
2444a2e4,2444a2e4:481,cbfd04f0,481,180.13,205.26,203.33,2025-01-23T11:26:02,2025-01-23T11:26:27,11:26:02 AM,11:26:27 AM,11:26:25 AM,26,23,2,storage/videos/processed/2444a2e4/tracks/track-481.jpg,,"Representative crop suggests head region appears gray, upper clothing appears gray, lower clothing appears blue. Visibility shows light occlusion."
2444a2e4,2444a2e4:487,a1d3d3ec,487,181.0,182.93,182.66,2025-01-23T11:26:03,2025-01-23T11:26:04,11:26:03 AM,11:26:04 AM,11:26:04 AM,3,3,0,storage/videos/processed/2444a2e4/tracks/track-487.jpg,,"Representative crop suggests head region appears gray, upper clothing appears blue, lower clothing appears gray. Visibility shows light occlusion."
2444a2e4,2444a2e4:491,2c9261b9,491,181.4,187.26,182.13,2025-01-23T11:26:03,2025-01-23T11:26:09,11:26:03 AM,11:26:09 AM,11:26:04 AM,7,7,0,storage/videos/processed/2444a2e4/tracks/track-491.jpg,,"Representative crop suggests head region appears gray, upper clothing appears gray, lower clothing appears gray. Visibility shows light occlusion."
2444a2e4,2444a2e4:494,14fd34a3,494,181.8,183.6,183.46,2025-01-23T11:26:03,2025-01-23T11:26:05,11:26:03 AM,11:26:05 AM,11:26:05 AM,3,3,0,storage/videos/processed/2444a2e4/tracks/track-494.jpg,,"Representative crop suggests head region appears gray, upper clothing appears gray, lower clothing appears blue. Visibility shows light occlusion."
2444a2e4,2444a2e4:498,6e04921f,498,182.0,183.93,182.26,2025-01-23T11:26:04,2025-01-23T11:26:05,11:26:04 AM,11:26:05 AM,11:26:04 AM,3,3,0,storage/videos/processed/2444a2e4/tracks/track-498.jpg,,"Representative crop suggests head region appears gray, upper clothing appears blue, lower clothing appears blue. Visibility shows light occlusion."
2444a2e4,2444a2e4:500,e66e12ec,500,183.0,207.06,184.73,2025-01-23T11:26:05,2025-01-23T11:26:29,11:26:05 AM,11:26:29 AM,11:26:06 AM,26,24,2,storage/videos/processed/2444a2e4/tracks/track-500.jpg,,"Representative crop suggests head region appears gray, upper clothing appears black, lower clothing appears gray. Visibility shows heavy occlusion."
2444a2e4,2444a2e4:506,54cb3c59,506,183.26,190.73,189.2,2025-01-23T11:26:05,2025-01-23T11:26:12,11:26:05 AM,11:26:12 AM,11:26:11 AM,8,8,0,storage/videos/processed/2444a2e4/tracks/track-506.jpg,,"Representative crop suggests head region appears gray, upper clothing appears gray, lower clothing appears gray. Visibility shows light occlusion."
2444a2e4,2444a2e4:509,8b7f7d1b,509,183.73,186.86,185.06,2025-01-23T11:26:05,2025-01-23T11:26:08,11:26:05 AM,11:26:08 AM,11:26:07 AM,4,4,0,storage/videos/processed/2444a2e4/tracks/track-509.jpg,,"Representative crop suggests head region appears gray, upper clothing appears gray, lower clothing appears gray. Visibility shows light occlusion."
2444a2e4,2444a2e4:511,76c0a3d0,511,187.2,187.2,187.2,2025-01-23T11:26:09,2025-01-23T11:26:09,11:26:09 AM,11:26:09 AM,11:26:09 AM,1,1,0,storage/videos/processed/2444a2e4/tracks/track-511.jpg,,"Representative crop suggests head region appears gray, upper clothing appears gray, lower clothing appears gray. Visibility shows light occlusion."
2444a2e4,2444a2e4:512,13ed1764,512,187.2,188.06,187.86,2025-01-23T11:26:09,2025-01-23T11:26:10,11:26:09 AM,11:26:10 AM,11:26:09 AM,2,2,0,storage/videos/processed/2444a2e4/tracks/track-512.jpg,,"Representative crop suggests head region appears gray, upper clothing appears gray, lower clothing appears gray. Visibility shows light occlusion."
2444a2e4,2444a2e4:517,338719ec,517,190.06,192.0,190.6,2025-01-23T11:26:12,2025-01-23T11:26:14,11:26:12 AM,11:26:14 AM,11:26:12 AM,2,2,0,storage/videos/processed/2444a2e4/tracks/track-517.jpg,,"Representative crop suggests head region appears gray, upper clothing appears gray, lower clothing appears gray. Visibility shows light occlusion."
2444a2e4,2444a2e4:518,a006b748,518,190.06,190.06,190.06,2025-01-23T11:26:12,2025-01-23T11:26:12,11:26:12 AM,11:26:12 AM,11:26:12 AM,1,1,0,storage/videos/processed/2444a2e4/tracks/track-518.jpg,,"Representative crop suggests head region appears blue, upper clothing appears gray, lower clothing appears blue. Visibility shows light occlusion."
2444a2e4,2444a2e4:521,a6b06380,521,194.73,200.53,200.33,2025-01-23T11:26:16,2025-01-23T11:26:22,11:26:16 AM,11:26:22 AM,11:26:22 AM,6,1,2,storage/videos/processed/2444a2e4/tracks/track-521.jpg,,"Representative crop suggests head region appears gray, upper clothing appears gray, lower clothing appears gray. Visibility shows heavy occlusion."
2444a2e4,2444a2e4:535,a8d79233,535,196.13,202.33,201.46,2025-01-23T11:26:18,2025-01-23T11:26:24,11:26:18 AM,11:26:24 AM,11:26:23 AM,7,6,1,storage/videos/processed/2444a2e4/tracks/track-535.jpg,,"Representative crop suggests head region appears gray, upper clothing appears gray, lower clothing appears gray. Visibility shows moderate occlusion."
2444a2e4,2444a2e4:537,079615c0,537,196.2,196.86,196.66,2025-01-23T11:26:18,2025-01-23T11:26:18,11:26:18 AM,11:26:18 AM,11:26:18 AM,1,0,1,storage/videos/processed/2444a2e4/tracks/track-537.jpg,,"Representative crop suggests head region appears gray, upper clothing appears gray, lower clothing appears gray. Visibility shows moderate occlusion."
2444a2e4,2444a2e4:539,b7ade2f2,539,196.73,196.86,196.8,2025-01-23T11:26:18,2025-01-23T11:26:18,11:26:18 AM,11:26:18 AM,11:26:18 AM,1,0,1,storage/videos/processed/2444a2e4/tracks/track-539.jpg,,"Representative crop suggests head region appears gray, upper clothing appears gray, lower clothing appears gray. Visibility shows moderate occlusion."
2444a2e4,2444a2e4:542,01fe7346,542,197.86,200.2,200.2,2025-01-23T11:26:19,2025-01-23T11:26:22,11:26:19 AM,11:26:22 AM,11:26:22 AM,4,2,2,storage/videos/processed/2444a2e4/tracks/track-542.jpg,,"Representative crop suggests head region appears gray, upper clothing appears gray, lower clothing appears gray. Visibility shows heavy occlusion."
2444a2e4,2444a2e4:548,4e476d44,548,198.53,199.6,199.6,2025-01-23T11:26:20,2025-01-23T11:26:21,11:26:20 AM,11:26:21 AM,11:26:21 AM,2,0,2,storage/videos/processed/2444a2e4/tracks/track-548.jpg,,"Representative crop suggests head region appears gray, upper clothing appears gray, lower clothing appears gray. Visibility shows heavy occlusion."
2444a2e4,2444a2e4:549,bef44be0,549,198.6,199.26,198.8,2025-01-23T11:26:20,2025-01-23T11:26:21,11:26:20 AM,11:26:21 AM,11:26:20 AM,2,2,1,storage/videos/processed/2444a2e4/tracks/track-549.jpg,,"Representative crop suggests head region appears gray, upper clothing appears purple, lower clothing appears blue. Visibility shows moderate occlusion."
2444a2e4,2444a2e4:556,68f52fb8,556,199.0,223.6,200.86,2025-01-23T11:26:21,2025-01-23T11:26:45,11:26:21 AM,11:26:45 AM,11:26:22 AM,26,26,1,storage/videos/processed/2444a2e4/tracks/track-556.jpg,,"Representative crop suggests head region appears gray, upper clothing appears gray, lower clothing appears blue. Visibility shows light occlusion."
2444a2e4,2444a2e4:563,77566295,563,199.8,236.39,234.39,2025-01-23T11:26:21,2025-01-23T11:26:58,11:26:21 AM,11:26:58 AM,11:26:56 AM,38,35,2,storage/videos/processed/2444a2e4/tracks/track-563.jpg,,"Representative crop suggests head region appears gray, upper clothing appears blue, lower clothing appears blue. Visibility shows light occlusion."
2444a2e4,2444a2e4:565,3d3c7f40,565,200.06,200.13,200.13,2025-01-23T11:26:22,2025-01-23T11:26:22,11:26:22 AM,11:26:22 AM,11:26:22 AM,1,1,1,storage/videos/processed/2444a2e4/tracks/track-565.jpg,,"Representative crop suggests head region appears gray, upper clothing appears purple, lower clothing appears blue. Visibility shows moderate occlusion."
2444a2e4,2444a2e4:567,0903b4b6,567,201.93,203.26,202.33,2025-01-23T11:26:23,2025-01-23T11:26:25,11:26:23 AM,11:26:25 AM,11:26:24 AM,3,3,1,storage/videos/processed/2444a2e4/tracks/track-567.jpg,,"Representative crop suggests head region appears gray, upper clothing appears gray, lower clothing appears gray. Visibility shows moderate occlusion."
2444a2e4,2444a2e4:571,be84b90e,571,203.33,224.6,203.33,2025-01-23T11:26:25,2025-01-23T11:26:46,11:26:25 AM,11:26:46 AM,11:26:25 AM,22,22,1,storage/videos/processed/2444a2e4/tracks/track-571.jpg,,"Representative crop suggests head region appears gray, upper clothing appears gray, lower clothing appears blue. Visibility shows light occlusion."
2444a2e4,2444a2e4:576,92cef083,576,212.33,213.4,212.33,2025-01-23T11:26:34,2025-01-23T11:26:35,11:26:34 AM,11:26:35 AM,11:26:34 AM,2,2,0,storage/videos/processed/2444a2e4/tracks/track-576.jpg,,"Representative crop suggests head region appears gray, upper clothing appears gray, lower clothing appears gray. Visibility shows light occlusion."
2444a2e4,2444a2e4:577,fe162287,577,215.46,228.66,219.73,2025-01-23T11:26:37,2025-01-23T11:26:50,11:26:37 AM,11:26:50 AM,11:26:41 AM,14,14,1,storage/videos/processed/2444a2e4/tracks/track-577.jpg,,"Representative crop suggests head region appears gray, upper clothing appears blue, lower clothing appears gray. Visibility shows moderate occlusion."
2444a2e4,2444a2e4:583,a218193f,583,216.0,216.33,216.26,2025-01-23T11:26:38,2025-01-23T11:26:38,11:26:38 AM,11:26:38 AM,11:26:38 AM,2,2,0,storage/videos/processed/2444a2e4/tracks/track-583.jpg,,"Representative crop suggests head region appears gray, upper clothing appears gray, lower clothing appears gray. Visibility shows light occlusion."
2444a2e4,2444a2e4:584,c93b314b,584,216.66,244.93,219.26,2025-01-23T11:26:38,2025-01-23T11:27:06,11:26:38 AM,11:27:06 AM,11:26:41 AM,28,27,2,storage/videos/processed/2444a2e4/tracks/track-584.jpg,,"Representative crop suggests head region appears gray, upper clothing appears purple, lower clothing appears gray. Visibility shows heavy occlusion."
2444a2e4,2444a2e4:587,36669fda,587,217.06,217.93,217.06,2025-01-23T11:26:39,2025-01-23T11:26:39,11:26:39 AM,11:26:39 AM,11:26:39 AM,1,1,2,storage/videos/processed/2444a2e4/tracks/track-587.jpg,,"Representative crop suggests head region appears gray, upper clothing appears gray, lower clothing appears gray. Visibility shows heavy occlusion."
2444a2e4,2444a2e4:590,8663bb1a,590,217.46,217.73,217.6,2025-01-23T11:26:39,2025-01-23T11:26:39,11:26:39 AM,11:26:39 AM,11:26:39 AM,1,0,2,storage/videos/processed/2444a2e4/tracks/track-590.jpg,,"Representative crop suggests head region appears gray, upper clothing appears gray, lower clothing appears gray. Visibility shows heavy occlusion."
2444a2e4,2444a2e4:595,862d12b5,595,217.73,219.46,219.4,2025-01-23T11:26:39,2025-01-23T11:26:41,11:26:39 AM,11:26:41 AM,11:26:41 AM,3,3,1,storage/videos/processed/2444a2e4/tracks/track-595.jpg,,"Representative crop suggests head region appears gray, upper clothing appears purple, lower clothing appears gray. Visibility shows moderate occlusion."
2444a2e4,2444a2e4:596,f8502b6b,596,217.73,217.93,217.8,2025-01-23T11:26:39,2025-01-23T11:26:39,11:26:39 AM,11:26:39 AM,11:26:39 AM,1,1,1,storage/videos/processed/2444a2e4/tracks/track-596.jpg,,"Representative crop suggests head region appears gray, upper clothing appears blue, lower clothing appears gray. Visibility shows moderate occlusion."
2444a2e4,2444a2e4:601,d5697d4e,601,219.2,219.6,219.2,2025-01-23T11:26:41,2025-01-23T11:26:41,11:26:41 AM,11:26:41 AM,11:26:41 AM,1,1,1,storage/videos/processed/2444a2e4/tracks/track-601.jpg,,"Representative crop suggests head region appears gray, upper clothing appears purple, lower clothing appears gray. Visibility shows light occlusion."
2444a2e4,2444a2e4:612,6b5d5d22,612,220.86,235.19,221.33,2025-01-23T11:26:42,2025-01-23T11:26:57,11:26:42 AM,11:26:57 AM,11:26:43 AM,16,16,1,storage/videos/processed/2444a2e4/tracks/track-612.jpg,,"Representative crop suggests head region appears gray, upper clothing appears blue, lower clothing appears blue. Visibility shows light occlusion."
2444a2e4,2444a2e4:617,c72418a7,617,221.93,222.2,221.93,2025-01-23T11:26:43,2025-01-23T11:26:44,11:26:43 AM,11:26:44 AM,11:26:43 AM,2,2,1,storage/videos/processed/2444a2e4/tracks/track-617.jpg,,"Representative crop suggests head region appears gray, upper clothing appears purple, lower clothing appears blue. Visibility shows light occlusion."
2444a2e4,2444a2e4:620,5421a40d,620,222.33,224.86,224.86,2025-01-23T11:26:44,2025-01-23T11:26:46,11:26:44 AM,11:26:46 AM,11:26:46 AM,3,3,1,storage/videos/processed/2444a2e4/tracks/track-620.jpg,,"Representative crop suggests head region appears gray, upper clothing appears blue, lower clothing appears blue. Visibility shows moderate occlusion."
2444a2e4,2444a2e4:621,a797bdcc,621,222.4,222.66,222.4,2025-01-23T11:26:44,2025-01-23T11:26:44,11:26:44 AM,11:26:44 AM,11:26:44 AM,1,1,1,storage/videos/processed/2444a2e4/tracks/track-621.jpg,,"Representative crop suggests head region appears gray, upper clothing appears purple, lower clothing appears blue. Visibility shows moderate occlusion."
2444a2e4,2444a2e4:623,65a95c37,623,223.6,224.86,223.73,2025-01-23T11:26:45,2025-01-23T11:26:46,11:26:45 AM,11:26:46 AM,11:26:45 AM,2,2,0,storage/videos/processed/2444a2e4/tracks/track-623.jpg,,"Representative crop suggests head region appears gray, upper clothing appears gray, lower clothing appears gray. Visibility shows light occlusion."
2444a2e4,2444a2e4:637,9f52be27,637,227.46,228.26,228.19,2025-01-23T11:26:49,2025-01-23T11:26:50,11:26:49 AM,11:26:50 AM,11:26:50 AM,2,2,1,storage/videos/processed/2444a2e4/tracks/track-637.jpg,,"Representative crop suggests head region appears gray, upper clothing appears gray, lower clothing appears blue. Visibility shows moderate occlusion."
2444a2e4,2444a2e4:643,dd9d5ec9,643,228.59,231.59,229.53,2025-01-23T11:26:50,2025-01-23T11:26:53,11:26:50 AM,11:26:53 AM,11:26:51 AM,4,4,1,storage/videos/processed/2444a2e4/tracks/track-643.jpg,,"Representative crop suggests head region appears gray, upper clothing appears blue, lower clothing appears gray. Visibility shows moderate occlusion."
2444a2e4,2444a2e4:645,97f394ae,645,229.06,241.66,229.59,2025-01-23T11:26:51,2025-01-23T11:27:03,11:26:51 AM,11:27:03 AM,11:26:51 AM,12,12,1,storage/videos/processed/2444a2e4/tracks/track-645.jpg,,"Representative crop suggests head region appears gray, upper clothing appears gray, lower clothing appears blue. Visibility shows moderate occlusion."
2444a2e4,2444a2e4:658,13993efb,658,230.06,230.53,230.26,2025-01-23T11:26:52,2025-01-23T11:26:52,11:26:52 AM,11:26:52 AM,11:26:52 AM,1,1,1,storage/videos/processed/2444a2e4/tracks/track-658.jpg,,"Representative crop suggests head region appears gray, upper clothing appears blue, lower clothing appears blue. Visibility shows moderate occlusion."
2444a2e4,2444a2e4:663,891ec14f,663,230.99,234.46,230.99,2025-01-23T11:26:52,2025-01-23T11:26:56,11:26:52 AM,11:26:56 AM,11:26:52 AM,5,5,0,storage/videos/processed/2444a2e4/tracks/track-663.jpg,,"Representative crop suggests head region appears gray, upper clothing appears blue, lower clothing appears gray. Visibility shows light occlusion."
2444a2e4,2444a2e4:664,9b1391c3,664,231.13,231.33,231.13,2025-01-23T11:26:53,2025-01-23T11:26:53,11:26:53 AM,11:26:53 AM,11:26:53 AM,1,1,0,storage/videos/processed/2444a2e4/tracks/track-664.jpg,,"Representative crop suggests head region appears gray, upper clothing appears blue, lower clothing appears gray. Visibility shows light occlusion."
2444a2e4,2444a2e4:665,6a8c67e8,665,231.79,233.46,232.06,2025-01-23T11:26:53,2025-01-23T11:26:55,11:26:53 AM,11:26:55 AM,11:26:54 AM,3,3,0,storage/videos/processed/2444a2e4/tracks/track-665.jpg,,"Representative crop suggests head region appears blue, upper clothing appears gray, lower clothing appears gray. Visibility shows light occlusion."
2444a2e4,2444a2e4:667,dd3e36dd,667,233.06,233.06,233.06,2025-01-23T11:26:55,2025-01-23T11:26:55,11:26:55 AM,11:26:55 AM,11:26:55 AM,1,1,0,storage/videos/processed/2444a2e4/tracks/track-667.jpg,,"Representative crop suggests head region appears gray, upper clothing appears gray, lower clothing appears gray. Visibility shows light occlusion."
2444a2e4,2444a2e4:672,3356cd5e,672,233.59,234.06,233.86,2025-01-23T11:26:55,2025-01-23T11:26:56,11:26:55 AM,11:26:56 AM,11:26:55 AM,2,2,0,storage/videos/processed/2444a2e4/tracks/track-672.jpg,,"Representative crop suggests head region appears gray, upper clothing appears gray, lower clothing appears gray. Visibility shows light occlusion."
2444a2e4,2444a2e4:677,5a326bd3,677,234.06,234.39,234.19,2025-01-23T11:26:56,2025-01-23T11:26:56,11:26:56 AM,11:26:56 AM,11:26:56 AM,1,1,0,storage/videos/processed/2444a2e4/tracks/track-677.jpg,,"Representative crop suggests head region appears gray, upper clothing appears blue, lower clothing appears gray. Visibility shows light occlusion."
2444a2e4,2444a2e4:681,4d7558fe,681,234.59,251.93,234.79,2025-01-23T11:26:56,2025-01-23T11:27:13,11:26:56 AM,11:27:13 AM,11:26:56 AM,18,18,0,storage/videos/processed/2444a2e4/tracks/track-681.jpg,,"Representative crop suggests head region appears gray, upper clothing appears gray, lower clothing appears blue. Visibility shows light occlusion."
2444a2e4,2444a2e4:683,bf7c008e,683,234.93,234.99,234.93,2025-01-23T11:26:56,2025-01-23T11:26:56,11:26:56 AM,11:26:56 AM,11:26:56 AM,1,0,0,storage/videos/processed/2444a2e4/tracks/track-683.jpg,,"Representative crop suggests head region appears gray, upper clothing appears gray, lower clothing appears blue. Visibility shows light occlusion."
2444a2e4,2444a2e4:684,2d918695,684,235.79,235.79,235.79,2025-01-23T11:26:57,2025-01-23T11:26:57,11:26:57 AM,11:26:57 AM,11:26:57 AM,1,0,2,storage/videos/processed/2444a2e4/tracks/track-684.jpg,,"Representative crop suggests head region appears gray, upper clothing appears gray, lower clothing appears blue. Visibility shows heavy occlusion."
2444a2e4,2444a2e4:686,563ca509,686,235.99,237.19,236.13,2025-01-23T11:26:57,2025-01-23T11:26:59,11:26:57 AM,11:26:59 AM,11:26:58 AM,3,3,0,storage/videos/processed/2444a2e4/tracks/track-686.jpg,,"Representative crop suggests head region appears gray, upper clothing appears blue, lower clothing appears blue. Visibility shows light occlusion."
2444a2e4,2444a2e4:691,13812321,691,238.13,251.93,238.13,2025-01-23T11:27:00,2025-01-23T11:27:13,11:27:00 AM,11:27:13 AM,11:27:00 AM,14,14,0,storage/videos/processed/2444a2e4/tracks/track-691.jpg,,"Representative crop suggests head region appears blue, upper clothing appears blue, lower clothing appears gray. Visibility shows light occlusion."
2444a2e4,2444a2e4:702,0690a6c1,702,243.13,243.73,243.13,2025-01-23T11:27:05,2025-01-23T11:27:05,11:27:05 AM,11:27:05 AM,11:27:05 AM,1,1,0,storage/videos/processed/2444a2e4/tracks/track-702.jpg,,"Representative crop suggests head region appears blue, upper clothing appears blue, lower clothing appears gray. Visibility shows light occlusion."
2444a2e4,2444a2e4:705,305f6b46,705,244.79,245.93,244.79,2025-01-23T11:27:06,2025-01-23T11:27:07,11:27:06 AM,11:27:07 AM,11:27:06 AM,2,2,0,storage/videos/processed/2444a2e4/tracks/track-705.jpg,,"Representative crop suggests head region appears gray, upper clothing appears gray, lower clothing appears gray. Visibility shows light occlusion."
2444a2e4,2444a2e4:707,11d073ff,707,246.93,251.13,246.93,2025-01-23T11:27:08,2025-01-23T11:27:13,11:27:08 AM,11:27:13 AM,11:27:08 AM,6,6,0,storage/videos/processed/2444a2e4/tracks/track-707.jpg,,"Representative crop suggests head region appears blue, upper clothing appears blue, lower clothing appears blue. Visibility shows light occlusion."
2444a2e4,2444a2e4:708,c6cfcdee,708,249.33,249.66,249.33,2025-01-23T11:27:11,2025-01-23T11:27:11,11:27:11 AM,11:27:11 AM,11:27:11 AM,1,1,0,storage/videos/processed/2444a2e4/tracks/track-708.jpg,,"Representative crop suggests head region appears gray, upper clothing appears gray, lower clothing appears gray. Visibility shows light occlusion."
2444a2e4,2444a2e4:727,b75511c3,727,251.46,252.46,251.59,2025-01-23T11:27:13,2025-01-23T11:27:14,11:27:13 AM,11:27:14 AM,11:27:13 AM,2,2,0,storage/videos/processed/2444a2e4/tracks/track-727.jpg,,"Representative crop suggests head region appears gray, upper clothing appears gray, lower clothing appears blue. Visibility shows light occlusion."
2444a2e4,2444a2e4:729,becddae1,729,252.19,255.33,252.33,2025-01-23T11:27:14,2025-01-23T11:27:17,11:27:14 AM,11:27:17 AM,11:27:14 AM,4,4,0,storage/videos/processed/2444a2e4/tracks/track-729.jpg,,"Representative crop suggests head region appears blue, upper clothing appears gray, lower clothing appears gray. Visibility shows light occlusion."
2444a2e4,2444a2e4:731,2d94a97c,731,252.26,255.33,253.93,2025-01-23T11:27:14,2025-01-23T11:27:17,11:27:14 AM,11:27:17 AM,11:27:15 AM,4,4,0,storage/videos/processed/2444a2e4/tracks/track-731.jpg,,"Representative crop suggests head region appears blue, upper clothing appears gray, lower clothing appears gray. Visibility shows light occlusion."
2444a2e4,2444a2e4:740,bbc7d83a,740,252.86,253.53,253.53,2025-01-23T11:27:14,2025-01-23T11:27:15,11:27:14 AM,11:27:15 AM,11:27:15 AM,2,2,0,storage/videos/processed/2444a2e4/tracks/track-740.jpg,,"Representative crop suggests head region appears blue, upper clothing appears blue, lower clothing appears gray. Visibility shows light occlusion."
2444a2e4,2444a2e4:752,76ce4a14,752,253.39,257.93,254.13,2025-01-23T11:27:15,2025-01-23T11:27:19,11:27:15 AM,11:27:19 AM,11:27:16 AM,5,5,0,storage/videos/processed/2444a2e4/tracks/track-752.jpg,,"Representative crop suggests head region appears gray, upper clothing appears gray, lower clothing appears gray. Visibility shows light occlusion."
2444a2e4,2444a2e4:755,d1c8cab5,755,253.79,261.93,254.13,2025-01-23T11:27:15,2025-01-23T11:27:23,11:27:15 AM,11:27:23 AM,11:27:16 AM,9,9,0,storage/videos/processed/2444a2e4/tracks/track-755.jpg,,"Representative crop suggests head region appears gray, upper clothing appears gray, lower clothing appears gray. Visibility shows light occlusion."
2444a2e4,2444a2e4:764,5ce40246,764,256.33,258.39,257.86,2025-01-23T11:27:18,2025-01-23T11:27:20,11:27:18 AM,11:27:20 AM,11:27:19 AM,3,3,0,storage/videos/processed/2444a2e4/tracks/track-764.jpg,,"Representative crop suggests head region appears blue, upper clothing appears gray, lower clothing appears gray. Visibility shows light occlusion."
2444a2e4,2444a2e4:773,5fb5337a,773,257.46,262.99,257.46,2025-01-23T11:27:19,2025-01-23T11:27:24,11:27:19 AM,11:27:24 AM,11:27:19 AM,6,6,0,storage/videos/processed/2444a2e4/tracks/track-773.jpg,,"Representative crop suggests head region appears gray, upper clothing appears gray, lower clothing appears gray. Visibility shows light occlusion."
2444a2e4,2444a2e4:775,731ee6f8,775,258.39,258.93,258.59,2025-01-23T11:27:20,2025-01-23T11:27:20,11:27:20 AM,11:27:20 AM,11:27:20 AM,1,1,0,storage/videos/processed/2444a2e4/tracks/track-775.jpg,,"Representative crop suggests head region appears gray, upper clothing appears gray, lower clothing appears gray. Visibility shows light occlusion."
2444a2e4,2444a2e4:790,12f2536c,790,261.53,262.86,261.66,2025-01-23T11:27:23,2025-01-23T11:27:24,11:27:23 AM,11:27:24 AM,11:27:23 AM,2,2,0,storage/videos/processed/2444a2e4/tracks/track-790.jpg,,"Representative crop suggests head region appears purple, upper clothing appears purple, lower clothing appears gray. Visibility shows light occlusion."
2444a2e4,2444a2e4:796,dba82986,796,261.93,262.86,261.93,2025-01-23T11:27:23,2025-01-23T11:27:24,11:27:23 AM,11:27:24 AM,11:27:23 AM,2,2,0,storage/videos/processed/2444a2e4/tracks/track-796.jpg,,"Representative crop suggests head region appears blue, upper clothing appears purple, lower clothing appears gray. Visibility shows light occlusion."
2444a2e4,2444a2e4:799,e000fd18,799,262.39,279.13,263.33,2025-01-23T11:27:24,2025-01-23T11:27:41,11:27:24 AM,11:27:41 AM,11:27:25 AM,18,18,0,storage/videos/processed/2444a2e4/tracks/track-799.jpg,,"Representative crop suggests head region appears gray, upper clothing appears gray, lower clothing appears gray. Visibility shows light occlusion."
2444a2e4,2444a2e4:807,6ad87df5,807,278.99,283.86,279.13,2025-01-23T11:27:40,2025-01-23T11:27:45,11:27:40 AM,11:27:45 AM,11:27:41 AM,6,5,0,storage/videos/processed/2444a2e4/tracks/track-807.jpg,,"Representative crop suggests head region appears gray, upper clothing appears gray, lower clothing appears gray. Visibility shows light occlusion."
2444a2e4,2444a2e4:812,ab607487,812,287.79,289.06,288.46,2025-01-23T11:27:49,2025-01-23T11:27:51,11:27:49 AM,11:27:51 AM,11:27:50 AM,3,3,0,storage/videos/processed/2444a2e4/tracks/track-812.jpg,,"Representative crop suggests head region appears purple, upper clothing appears gray, lower clothing appears gray. Visibility shows light occlusion."
2444a2e4,2444a2e4:814,a2bcf428,814,288.46,299.93,299.86,2025-01-23T11:27:50,2025-01-23T11:28:01,11:27:50 AM,11:28:01 AM,11:28:01 AM,12,12,0,storage/videos/processed/2444a2e4/tracks/track-814.jpg,,"Representative crop suggests head region appears gray, upper clothing appears gray, lower clothing appears gray. Visibility shows light occlusion."
2444a2e4,2444a2e4:821,acf0a569,821,297.66,298.39,297.79,2025-01-23T11:27:59,2025-01-23T11:28:00,11:27:59 AM,11:28:00 AM,11:27:59 AM,2,2,0,storage/videos/processed/2444a2e4/tracks/track-821.jpg,,"Representative crop suggests head region appears gray, upper clothing appears gray, lower clothing appears gray. Visibility shows light occlusion."
2444a2e4,2444a2e4:825,0749ab53,825,298.53,299.93,299.46,2025-01-23T11:28:00,2025-01-23T11:28:01,11:28:00 AM,11:28:01 AM,11:28:01 AM,2,2,0,storage/videos/processed/2444a2e4/tracks/track-825.jpg,,"Representative crop suggests head region appears gray, upper clothing appears gray, lower clothing appears gray. Visibility shows light occlusion."
